<?xml version="1.0" encoding="UTF-8"?>
<project-private xmlns="http://www.netbeans.org/ns/project-private/1">
    <editor-bookmarks xmlns="http://www.netbeans.org/ns/editor-bookmarks/2" lastBookmarkId="0"/>
    <open-files xmlns="http://www.netbeans.org/ns/projectui-open-files/2">
        <group>
            <file>file:/C:/Users/ASUS/Documents/NetBeansProjects/WebAppFractalesGaleria/web/View/IndexClient.xhtml</file>
            <file>file:/C:/Users/ASUS/Documents/NetBeansProjects/WebAppFractalesGaleria/web/Templates/IndexPF.xhtml</file>
            <file>file:/C:/Users/ASUS/Documents/NetBeansProjects/WebAppFractalesGaleria/web/resources/css/cssLayout.css</file>
            <file>file:/C:/Users/ASUS/Documents/NetBeansProjects/WebAppFractalesGaleria/web/index.xhtml</file>
            <file>file:/C:/Users/ASUS/Documents/NetBeansProjects/WebAppFractalesGaleria/web/resources/css/default.css</file>
            <file>file:/C:/Users/ASUS/Documents/NetBeansProjects/WebAppFractalesGaleria/web/arreglos/cssLayout1.css</file>
        </group>
    </open-files>
</project-private>
